genre|_indie,genre|alt_z,genre|alternative_rock,genre|ambient_pop,genre|art_pop,genre|austindie,genre|australian_rock,genre|bedroom_pop,genre|boy_band,genre|dream_pop,genre|el_paso_indie,genre|electropop,genre|etherpop,genre|folk,genre|gauze_pop,genre|indie_pop,genre|indie_poptimism,genre|indie_rock,genre|indietronica,genre|korean_ost,genre|korean_superband,genre|la_indie,genre|la_pop,genre|metropopolis,genre|modern_alternative_rock,genre|modern_rock,genre|nz_pop,genre|permanent_wave,genre|pop,genre|pop_boy_group,genre|pop_rock,genre|pov,genre|rock,genre|shimmer_pop,genre|shiver_pop,genre|shoegaze,genre|social_media_pop,genre|stomp_and_holler,genre|unknown,danceability,energy,loudness,speechiness,acousticness,instrumentalness,liveness,valence,tempo,artist_pop,track_pop,subject|high,subject|low,subject|medium,polar|negative,polar|neutral,polar|positive,key|0,key|1,key|2,key|3,key|4,key|5,key|6,key|7,key|8,key|9,key|10,key|11,mode|0,mode|1,track_id
0.4331849470338877,0.5481116005202121,0.0,0.0,0.0,0.0,0.0,0.5694517334258166,0.0,0.0,0.0,0.0,0.0,0.0,0.0,0.0,0.0,0.0,0.0,0.0,0.0,0.0,0.0,0.0,0.0,0.0,0.0,0.0,0.0,0.0,0.0,0.4331849470338877,0.0,0.0,0.0,0.0,0.0,0.0,0.0,0.13281653746770025,0.12627241340906561,0.1514131088394468,0.05046895935685575,0.061398000495744856,2.1296703296703296e-06,0.02030160942846281,0.10101358637049818,0.02987936046511627,0.12444444444444445,0.0,0.0,0.3,0.0,0.0,0.5,0.0,0.0,0.0,0.0,0.0,0.0,0.0,0.0,0.0,0.0,0.5,0.0,0.0,0.0,0.5,0UMFm4ndFr3PH5VsVYnCNG
0.4331849470338877,0.5481116005202121,0.0,0.0,0.0,0.0,0.0,0.5694517334258166,0.0,0.0,0.0,0.0,0.0,0.0,0.0,0.0,0.0,0.0,0.0,0.0,0.0,0.0,0.0,0.0,0.0,0.0,0.0,0.0,0.0,0.0,0.0,0.4331849470338877,0.0,0.0,0.0,0.0,0.0,0.0,0.0,0.15788113695090444,0.08729257155585257,0.17644150464354916,0.012684234033050471,0.1041559943815583,0.0,0.014244075529083767,0.11179642009920208,0.09082558139534881,0.12444444444444445,0.1310344827586207,0.0,0.3,0.0,0.0,0.5,0.0,0.0,0.0,0.0,0.0,0.0,0.0,0.0,0.0,0.0,0.0,0.5,0.0,0.0,0.5,7a2IJHzw9WJjoknwdnCop0
0.4331849470338877,0.5481116005202121,0.0,0.0,0.0,0.0,0.0,0.5694517334258166,0.0,0.0,0.0,0.0,0.0,0.0,0.0,0.0,0.0,0.0,0.0,0.0,0.0,0.0,0.0,0.0,0.0,0.0,0.0,0.0,0.0,0.0,0.0,0.4331849470338877,0.0,0.0,0.0,0.0,0.0,0.0,0.0,0.04857881136950904,0.08885176522998106,0.12597046836373357,0.009379187137114784,0.06263736263736262,0.0036043956043956046,0.016246356608794834,0.01971102005607074,0.12648546511627906,0.12444444444444445,0.08275862068965517,0.0,0.3,0.0,0.0,0.5,0.0,0.0,0.5,0.0,0.0,0.0,0.0,0.0,0.0,0.0,0.0,0.0,0.0,0.5,0.0,0GD2v2Gl24z7F6bLl4fn7M
0.4331849470338877,0.5481116005202121,0.0,0.0,0.0,0.0,0.0,0.5694517334258166,0.0,0.0,0.0,0.0,0.0,0.0,0.0,0.0,0.0,0.0,0.0,0.0,0.0,0.0,0.0,0.0,0.0,0.0,0.0,0.0,0.0,0.0,0.0,0.4331849470338877,0.0,0.0,0.0,0.0,0.0,0.0,0.0,0.1545219638242894,0.12449047778149017,0.16323912607737023,0.0061634658329611436,0.03888292158968851,6.439560439560439e-05,0.026891395260423268,0.09540651283157214,0.06482267441860465,0.12444444444444445,0.12183908045977013,0.0,0.3,0.0,0.0,0.5,0.0,0.0,0.0,0.0,0.0,0.0,0.0,0.0,0.5,0.0,0.0,0.0,0.0,0.5,0.0,4J4rJEaVpgr2tHwX6Jd13H
0.4331849470338877,0.5481116005202121,0.0,0.0,0.0,0.0,0.0,0.5694517334258166,0.0,0.0,0.0,0.0,0.0,0.0,0.0,0.0,0.0,0.0,0.0,0.0,0.0,0.0,0.0,0.0,0.0,0.0,0.0,0.0,0.0,0.0,0.0,0.4331849470338877,0.0,0.0,0.0,0.0,0.0,0.0,0.0,0.13953488372093023,0.09152466867134426,0.14312821540722925,0.017061188030370704,0.027935222672064774,0.0007472527472527472,0.06541629704726905,0.046452447703256426,0.09095930232558137,0.12444444444444445,0.12643678160919541,0.0,0.3,0.0,0.0,0.5,0.0,0.0,0.0,0.0,0.0,0.0,0.0,0.0,0.0,0.5,0.0,0.0,0.0,0.5,0.0,3WowsoNoWeMqTH2suWv9MW
0.4331849470338877,0.5481116005202121,0.0,0.0,0.0,0.0,0.0,0.5694517334258166,0.0,0.0,0.0,0.0,0.0,0.0,0.0,0.0,0.0,0.0,0.0,0.0,0.0,0.0,0.0,0.0,0.0,0.0,0.0,0.0,0.0,0.0,0.0,0.4331849470338877,0.0,0.0,0.0,0.0,0.0,0.0,0.0,0.1599483204134367,0.07303708653524893,0.15218814725729943,0.018222420723537296,0.029174584813682555,0.0,0.016246356608794834,0.07556609877075698,0.044343023255813956,0.12444444444444445,0.10574712643678162,0.0,0.0,0.3,0.0,0.0,0.5,0.0,0.0,0.0,0.0,0.0,0.0,0.0,0.0,0.0,0.5,0.0,0.0,0.0,0.5,0XSncrobBZoW1A0bFh8Ttx
0.4331849470338877,0.5481116005202121,0.0,0.0,0.0,0.0,0.0,0.5694517334258166,0.0,0.0,0.0,0.0,0.0,0.0,0.0,0.0,0.0,0.0,0.0,0.0,0.0,0.0,0.0,0.0,0.0,0.0,0.0,0.0,0.0,0.0,0.0,0.4331849470338877,0.0,0.0,0.0,0.0,0.0,0.0,0.0,0.13695090439276486,0.1122396703419089,0.1390525823478319,0.0,0.08887052796827233,0.0009208791208791208,0.06161449752883032,0.10058227302135002,0.053114825581395346,0.12444444444444445,0.08505747126436781,0.0,0.3,0.0,0.0,0.5,0.0,0.0,0.0,0.0,0.0,0.0,0.0,0.0,0.0,0.0,0.5,0.0,0.0,0.5,0.0,6QHHQuaCoTEb5KBAMhruDI
0.4331849470338877,0.5481116005202121,0.0,0.0,0.0,0.0,0.0,0.5694517334258166,0.0,0.0,0.0,0.0,0.0,0.0,0.0,0.0,0.0,0.0,0.0,0.0,0.0,0.0,0.0,0.0,0.0,0.0,0.0,0.0,0.0,0.0,0.0,0.4331849470338877,0.0,0.0,0.0,0.0,0.0,0.0,0.0,0.1020671834625323,0.13562757545383675,0.17084252021113117,0.017061188030370704,0.11283152937288277,0.0,0.07530097579520975,0.03588527064912659,0.15473982558139532,0.12444444444444445,0.11954022988505747,0.3,0.0,0.0,0.5,0.0,0.0,0.0,0.5,0.0,0.0,0.0,0.0,0.0,0.0,0.0,0.0,0.0,0.0,0.0,0.5,28sNP4vXS6EtFr2VKPhCTQ
0.4331849470338877,0.5481116005202121,0.0,0.0,0.0,0.0,0.0,0.5694517334258166,0.0,0.0,0.0,0.0,0.0,0.0,0.0,0.0,0.0,0.0,0.0,0.0,0.0,0.0,0.0,0.0,0.0,0.0,0.0,0.0,0.0,0.0,0.0,0.4331849470338877,0.0,0.0,0.0,0.0,0.0,0.0,0.0,0.08733850129198968,0.025147566544158596,0.09328522750050111,0.01688253684680661,0.18306205073122367,0.0,0.016499809910024078,0.014750916540866944,0.06625872093023254,0.12444444444444445,0.10114942528735633,0.0,0.3,0.0,0.0,0.5,0.0,0.5,0.0,0.0,0.0,0.0,0.0,0.0,0.0,0.0,0.0,0.0,0.0,0.0,0.5,3pU68iUbatcIjQD7PlIzFX
0.4331849470338877,0.5481116005202121,0.0,0.0,0.0,0.0,0.0,0.5694517334258166,0.0,0.0,0.0,0.0,0.0,0.0,0.0,0.0,0.0,0.0,0.0,0.0,0.0,0.0,0.0,0.0,0.0,0.0,0.0,0.0,0.0,0.0,0.0,0.4331849470338877,0.0,0.0,0.0,0.0,0.0,0.0,0.0,0.11395348837209303,0.10800757322641724,0.12524888087125008,0.0051808843233586395,0.008208708584648434,0.0334065934065934,0.017260169813711822,0.009510459348716842,0.04157848837209303,0.12444444444444445,0.12183908045977013,0.3,0.0,0.0,0.0,0.0,0.5,0.0,0.0,0.0,0.0,0.0,0.0,0.0,0.0,0.0,0.5,0.0,0.0,0.0,0.5,6APTEV2EIRpBEvuTrS5XTv
0.318231712448783,0.0,0.0,0.0,0.0,0.6624067452502687,0.0,0.0,0.0,0.0,0.0,0.0,0.0,0.0,0.0,0.0,0.0,0.5988943631649706,0.0,0.0,0.0,0.0,0.0,0.0,0.0,0.0,0.0,0.0,0.0,0.0,0.0,0.318231712448783,0.0,0.0,0.0,0.0,0.0,0.0,0.0,0.11912144702842378,0.17193451386568662,0.13305271597514534,0.004555605180884323,0.027108981244319593,0.19999999999999998,0.09532378659232038,0.09971964632305372,0.09673691860465114,0.14222222222222222,0.05747126436781609,0.0,0.3,0.0,0.0,0.5,0.0,0.0,0.0,0.0,0.0,0.0,0.0,0.0,0.0,0.0,0.5,0.0,0.0,0.0,0.5,64lsIF5pw0sJY0gV5kz0RN
0.318231712448783,0.0,0.0,0.0,0.0,0.6624067452502687,0.0,0.0,0.0,0.0,0.0,0.0,0.0,0.0,0.0,0.0,0.0,0.5988943631649706,0.0,0.0,0.0,0.0,0.0,0.0,0.0,0.0,0.0,0.0,0.0,0.0,0.0,0.318231712448783,0.0,0.0,0.0,0.0,0.0,0.0,0.0,0.13617571059431524,0.15522886735716676,0.13569853678091803,0.0073246985261277405,0.005606048087251094,6.483516483516483e-05,0.03196046128500824,0.17131766228164763,0.11127906976744187,0.14222222222222222,0.004597701149425287,0.3,0.0,0.0,0.0,0.0,0.5,0.0,0.0,0.0,0.0,0.0,0.0,0.0,0.5,0.0,0.0,0.0,0.0,0.0,0.5,0zePbRMJ9sd7wsZRlbPQua
0.318231712448783,0.0,0.0,0.0,0.0,0.6624067452502687,0.0,0.0,0.0,0.0,0.0,0.0,0.0,0.0,0.0,0.0,0.0,0.5988943631649706,0.0,0.0,0.0,0.0,0.0,0.0,0.0,0.0,0.0,0.0,0.0,0.0,0.0,0.318231712448783,0.0,0.0,0.0,0.0,0.0,0.0,0.0,0.07958656330749354,0.09798418532130529,0.11839379969265718,0.0016971862438588644,0.004655870445344129,0.03296703296703296,0.025370675453047775,0.07125296527927541,0.06036918604651162,0.14222222222222222,0.0,0.0,0.3,0.0,0.0,0.5,0.0,0.0,0.0,0.0,0.0,0.0,0.0,0.0,0.5,0.0,0.0,0.0,0.0,0.0,0.5,57HJa4ktE7iHGrbFhwzEr2
0.0,0.0,0.0,0.0,0.0,0.0,0.0,0.0,0.0,0.0,0.0,0.0,0.0,0.0,0.0,0.0,0.0,0.0,0.0,0.0,0.0,0.0,0.0,0.0,0.0,0.0,0.0,0.0,0.0,0.0,0.0,0.0,0.0,0.0,0.0,0.0,0.0,0.0,1.0,0.14392764857881138,0.13540483350038984,0.1365136633927975,0.06440375167485485,0.023390894819466247,0.0345054945054945,0.02030160942846281,0.14241966788872115,0.056142441860465124,0.13555555555555557,0.16551724137931034,0.0,0.3,0.0,0.0,0.5,0.0,0.0,0.0,0.0,0.0,0.0,0.0,0.5,0.0,0.0,0.0,0.0,0.0,0.5,0.0,4o0LyB69tylqDG6eTGhmig
0.22180726284288493,0.0,0.0,0.0,0.0,0.0,0.0,0.0,0.0,0.0,0.0,0.0,0.0,0.0,0.5373737868297972,0.0,0.0,0.0,0.46169700034616434,0.0,0.0,0.0,0.0,0.0,0.0,0.33301318686811204,0.0,0.0,0.0,0.0,0.0,0.22180726284288493,0.0,0.0,0.5373737868297972,0.0,0.0,0.0,0.0,0.1501291989664083,0.10132531462300927,0.13799692657179127,0.06279589102277804,0.090729571180699,1.4725274725274724e-06,0.012469902420479028,0.10640500323485014,0.025356104651162795,0.16444444444444448,0.06436781609195402,0.0,0.3,0.0,0.0,0.5,0.0,0.0,0.0,0.0,0.0,0.0,0.0,0.0,0.0,0.0,0.0,0.0,0.5,0.0,0.5,6CDzDgIUqeDY5g8ujExx2f
0.0,0.0,0.0,0.0,0.0,0.0,0.0,0.0,0.0,0.0,0.0,0.0,0.0,0.0,0.0,0.0,0.0,0.0,0.5301343611992859,0.0,0.0,0.0,0.0,0.0,0.5021606257758869,0.3823757420102365,0.0,0.0,0.0,0.0,0.0,0.0,0.5661987786266549,0.0,0.0,0.0,0.0,0.0,0.0,0.14289405684754522,0.14253257601069164,0.15204115721253425,0.004555605180884323,0.029794265884491446,0.025274725274725275,0.013356988974781398,0.20000000000000007,0.09382267441860463,0.15555555555555556,0.19540229885057472,0.0,0.3,0.0,0.0,0.5,0.0,0.0,0.0,0.0,0.0,0.0,0.5,0.0,0.0,0.0,0.0,0.0,0.0,0.5,0.0,7w87IxuO7BDcJ3YUqCyMTT
0.0,0.0,0.0,0.0,0.0,0.0,0.0,0.0,0.0,0.0,0.0,0.0,0.0,0.4700798647376283,0.0,0.0,0.0,0.0,0.0,0.0,0.0,0.0,0.0,0.6004842611281154,0.0,0.40553004277272453,0.0,0.0,0.18169721539605288,0.0,0.0,0.0,0.0,0.0,0.0,0.0,0.0,0.4700798647376283,0.0,0.07157622739018088,0.15300144782269742,0.16102091267455068,0.0070567217507816,0.004098157481616128,0.0,0.026131035356735523,0.08182014233340523,0.05746511627906975,0.1488888888888889,0.18620689655172415,0.3,0.0,0.0,0.5,0.0,0.0,0.0,0.5,0.0,0.0,0.0,0.0,0.0,0.0,0.0,0.0,0.0,0.0,0.0,0.5,2ihCaVdNZmnHZWt0fvAM7B
0.4966892292926404,0.628463962778103,0.0,0.0,0.0,0.0,0.0,0.0,0.0,0.0,0.0,0.0,0.0,0.0,0.0,0.0,0.0,0.0,0.0,0.0,0.0,0.0,0.0,0.0,0.0,0.0,0.0,0.0,0.3341147504954083,0.0,0.0,0.4966892292926404,0.0,0.0,0.0,0.0,0.0,0.0,0.0,0.12299741602067185,0.11290789620224971,0.1558228101824013,0.050111656989727554,0.14402214327026358,0.0,0.0641490305411228,0.1775717058442959,0.15940261627906974,0.16444444444444448,0.17931034482758623,0.3,0.0,0.0,0.5,0.0,0.0,0.0,0.0,0.0,0.0,0.0,0.0,0.0,0.0,0.0,0.0,0.5,0.0,0.5,0.0,7pT6WSg4PCt4mr5ZFyUfsF
0.4966892292926404,0.628463962778103,0.0,0.0,0.0,0.0,0.0,0.0,0.0,0.0,0.0,0.0,0.0,0.0,0.0,0.0,0.0,0.0,0.0,0.0,0.0,0.0,0.0,0.0,0.0,0.0,0.0,0.0,0.3341147504954083,0.0,0.0,0.4966892292926404,0.0,0.0,0.0,0.0,0.0,0.0,0.0,0.14031007751937985,0.09664773360062369,0.1557426337943476,0.01348816435908888,0.07998843262001157,1.626373626373626e-05,0.011177290584209859,0.11071813672633168,0.1025436046511628,0.16444444444444448,0.17701149425287357,0.0,0.3,0.0,0.0,0.5,0.0,0.0,0.0,0.0,0.0,0.0,0.0,0.0,0.0,0.5,0.0,0.0,0.0,0.0,0.5,4IhKLu7Vk3j2TLmnFPl6To
0.4966892292926404,0.628463962778103,0.0,0.0,0.0,0.0,0.0,0.0,0.0,0.0,0.0,0.0,0.0,0.0,0.0,0.0,0.0,0.0,0.0,0.0,0.0,0.0,0.0,0.0,0.0,0.0,0.0,0.0,0.3341147504954083,0.0,0.0,0.4966892292926404,0.0,0.0,0.0,0.0,0.0,0.0,0.0,0.1281653746770026,0.12560418754872482,0.1583483664060934,0.012862885216614559,0.14464182434107245,3.582417582417582e-07,0.04564693955138767,0.06305801164546045,0.032818313953488366,0.16444444444444448,0.12643678160919541,0.0,0.3,0.0,0.0,0.5,0.0,0.0,0.0,0.0,0.0,0.0,0.0,0.0,0.0,0.5,0.0,0.0,0.0,0.0,0.5,0DYRjWiFJHvLjxRrywtltC
0.4966892292926404,0.628463962778103,0.0,0.0,0.0,0.0,0.0,0.0,0.0,0.0,0.0,0.0,0.0,0.0,0.0,0.0,0.0,0.0,0.0,0.0,0.0,0.0,0.0,0.0,0.0,0.0,0.0,0.0,0.3341147504954083,0.0,0.0,0.4966892292926404,0.0,0.0,0.0,0.0,0.0,0.0,0.0,0.12196382428940569,0.10845305713331109,0.15384512594374292,0.0068780705672175126,0.15269767826158806,0.0,0.020555062729692056,0.0960534828552944,0.12594186046511627,0.16444444444444448,0.19770114942528738,0.3,0.0,0.0,0.5,0.0,0.0,0.0,0.5,0.0,0.0,0.0,0.0,0.0,0.0,0.0,0.0,0.0,0.0,0.5,0.0,2qxmye6gAegTMjLKEBoR3d
0.4966892292926404,0.628463962778103,0.0,0.0,0.0,0.0,0.0,0.0,0.0,0.0,0.0,0.0,0.0,0.0,0.0,0.0,0.0,0.0,0.0,0.0,0.0,0.0,0.0,0.0,0.0,0.0,0.0,0.0,0.3341147504954083,0.0,0.0,0.4966892292926404,0.0,0.0,0.0,0.0,0.0,0.0,0.0,0.1645994832041344,0.11313063815569664,0.12892363199037885,0.05207682000893256,0.04611253408245889,0.0002263736263736264,0.052743631985806616,0.1754151390985551,0.11708866279069766,0.16444444444444448,0.15862068965517243,0.0,0.3,0.0,0.0,0.5,0.0,0.0,0.0,0.0,0.0,0.0,0.0,0.0,0.0,0.0,0.0,0.0,0.5,0.5,0.0,60cYr5uuMoxvyuIx45rGEW
0.4966892292926404,0.628463962778103,0.0,0.0,0.0,0.0,0.0,0.0,0.0,0.0,0.0,0.0,0.0,0.0,0.0,0.0,0.0,0.0,0.0,0.0,0.0,0.0,0.0,0.0,0.0,0.0,0.0,0.0,0.3341147504954083,0.0,0.0,0.4966892292926404,0.0,0.0,0.0,0.0,0.0,0.0,0.0,0.043410852713178294,0.06301369863013699,0.10977483797688248,0.008307280035730238,0.1743865157398992,0.0,0.03500190089975922,0.1786499892171663,0.02490261627906977,0.16444444444444448,0.12183908045977013,0.0,0.3,0.0,0.0,0.5,0.0,0.0,0.0,0.0,0.0,0.0,0.0,0.0,0.0,0.0,0.0,0.5,0.0,0.0,0.5,211LaT5hzPOKolVtgzwWnq
0.4966892292926404,0.628463962778103,0.0,0.0,0.0,0.0,0.0,0.0,0.0,0.0,0.0,0.0,0.0,0.0,0.0,0.0,0.0,0.0,0.0,0.0,0.0,0.0,0.0,0.0,0.0,0.0,0.0,0.0,0.3341147504954083,0.0,0.0,0.4966892292926404,0.0,0.0,0.0,0.0,0.0,0.0,0.0,0.08630490956072352,0.1191446708987638,0.15853544464488542,0.008575256811076374,0.15972073039742216,6.395604395604396e-07,0.019794702826004307,0.0800948889368126,0.08353052325581395,0.16444444444444448,0.16551724137931034,0.0,0.3,0.0,0.5,0.0,0.0,0.0,0.0,0.0,0.0,0.0,0.0,0.0,0.5,0.0,0.0,0.0,0.0,0.0,0.5,0WHi11uzahqpEtPGYCW6oQ
0.4966892292926404,0.628463962778103,0.0,0.0,0.0,0.0,0.0,0.0,0.0,0.0,0.0,0.0,0.0,0.0,0.0,0.0,0.0,0.0,0.0,0.0,0.0,0.0,0.0,0.0,0.0,0.0,0.0,0.0,0.3341147504954083,0.0,0.0,0.4966892292926404,0.0,0.0,0.0,0.0,0.0,0.0,0.0,0.15297157622739022,0.12092660652633924,0.14755127948152605,0.040285841893702545,0.05788647442782782,7.736263736263736e-07,0.04133823343049044,0.17778736251886998,0.03429796511627906,0.16444444444444448,0.12643678160919541,0.0,0.3,0.0,0.0,0.5,0.0,0.0,0.0,0.0,0.0,0.0,0.0,0.0,0.0,0.5,0.0,0.0,0.0,0.0,0.5,5Ys68FZdQFcFw7IgkANVoM
0.4966892292926404,0.628463962778103,0.0,0.0,0.0,0.0,0.0,0.0,0.0,0.0,0.0,0.0,0.0,0.0,0.0,0.0,0.0,0.0,0.0,0.0,0.0,0.0,0.0,0.0,0.0,0.0,0.0,0.0,0.3341147504954083,0.0,0.0,0.4966892292926404,0.0,0.0,0.0,0.0,0.0,0.0,0.0,0.12222222222222223,0.12783160708319416,0.1472973875860226,0.029566770879857075,0.1617863339667851,4.439560439560439e-05,0.029932834875174254,0.07017468190640501,0.0371264534883721,0.16444444444444448,0.14482758620689656,0.0,0.3,0.0,0.0,0.5,0.0,0.0,0.0,0.0,0.0,0.0,0.0,0.0,0.5,0.0,0.0,0.0,0.0,0.0,0.5,6lERHAmBCZmgODv3OYENXi
0.0,0.0,0.0,0.0,0.0,0.0,0.7071067811865476,0.0,0.0,0.0,0.0,0.0,0.0,0.0,0.0,0.0,0.0,0.0,0.0,0.0,0.0,0.0,0.0,0.0,0.0,0.0,0.0,0.7071067811865476,0.0,0.0,0.0,0.0,0.0,0.0,0.0,0.0,0.0,0.0,0.0,0.06692506459948322,0.07838289341797529,0.0,0.015006699419383655,0.002900107411385607,1.0637362637362637e-05,0.006792548472943862,0.11071813672633168,0.026755813953488375,0.14222222222222222,0.17701149425287357,0.0,0.3,0.0,0.0,0.5,0.0,0.0,0.0,0.0,0.0,0.0,0.0,0.0,0.0,0.5,0.0,0.0,0.0,0.0,0.5,7G7tgVYORlDuVprcYHuFJh
0.0,0.0,0.0,0.0,0.0,0.0,0.0,0.0,0.0,0.0,0.0,0.0,0.0,0.0,0.0,0.0,0.0,0.0,0.0,0.0,0.0,0.0,0.0,0.0,0.0,0.0,0.0,0.0,1.0,0.0,0.0,0.0,0.0,0.0,0.0,0.0,0.0,0.0,0.0,0.042894056847545214,0.0623454727697962,0.1635464688982428,0.007771326485037963,0.18078988680492442,4.351648351648352e-07,0.007071347104296035,0.05982316152684927,0.09159738372093022,0.1688888888888889,0.12643678160919541,0.0,0.3,0.0,0.0,0.5,0.0,0.0,0.0,0.5,0.0,0.0,0.0,0.0,0.0,0.0,0.0,0.0,0.0,0.0,0.5,18xmRkPWE0sGUzFyNNAAhN
0.0,0.0,0.0,0.0,0.0,0.0,0.0,0.0,0.0,0.0,0.0,0.0,0.0,0.5878668877992318,0.0,0.0,0.0,0.0,0.0,0.0,0.0,0.0,0.0,0.0,0.0,0.5071429389704893,0.0,0.0,0.2272247431748254,0.0,0.0,0.0,0.0,0.0,0.0,0.0,0.0,0.5878668877992318,0.0,0.12506459948320414,0.11201692838846199,0.14308812721320238,0.0032157213041536375,0.12646451293067837,7.978021978021978e-05,0.010847801292611838,0.11395298684494284,0.018311046511627904,0.17111111111111113,0.17931034482758623,0.0,0.3,0.0,0.0,0.5,0.0,0.0,0.0,0.0,0.0,0.0,0.5,0.0,0.0,0.0,0.0,0.0,0.0,0.0,0.5,3d8y0t70g7hw2FOWl9Z4Fm
0.0,0.0,0.0,0.0,0.0,0.0,0.0,0.0,0.0,0.0,0.0,0.0,0.0,0.5878668877992318,0.0,0.0,0.0,0.0,0.0,0.0,0.0,0.0,0.0,0.0,0.0,0.5071429389704893,0.0,0.0,0.2272247431748254,0.0,0.0,0.0,0.0,0.0,0.0,0.0,0.0,0.5878668877992318,0.0,0.13049095607235145,0.0881835393696403,0.10894634863366073,0.005627512282268868,0.16385193753614807,4.527472527472528e-07,0.012317830439741478,0.06801811516066424,0.023998546511627906,0.17111111111111113,0.17931034482758623,0.0,0.3,0.0,0.0,0.5,0.0,0.5,0.0,0.0,0.0,0.0,0.0,0.0,0.0,0.0,0.0,0.0,0.0,0.0,0.5,0W4Kpfp1w2xkY3PrV714B7
0.0,0.0,0.0,0.0,0.0,0.0,0.0,0.0,0.0,0.0,0.0,0.0,0.0,0.5878668877992318,0.0,0.0,0.0,0.0,0.0,0.0,0.0,0.0,0.0,0.0,0.0,0.5071429389704893,0.0,0.0,0.2272247431748254,0.0,0.0,0.0,0.0,0.0,0.0,0.0,0.0,0.5878668877992318,0.0,0.10801033591731267,0.10912128299365187,0.07413643348700474,0.011969629298794103,0.12522515078906057,0.009494505494505494,0.03880370041819795,0.03955143411688592,0.07497819767441861,0.17111111111111113,0.167816091954023,0.3,0.0,0.0,0.0,0.0,0.5,0.5,0.0,0.0,0.0,0.0,0.0,0.0,0.0,0.0,0.0,0.0,0.0,0.0,0.5,3ekNuTF3UpOvIZCfiejpnC
0.0,0.0,0.0,0.0,0.0,0.0,0.0,0.0,0.0,0.0,0.0,0.0,0.0,0.5878668877992318,0.0,0.0,0.0,0.0,0.0,0.0,0.0,0.0,0.0,0.0,0.0,0.5071429389704893,0.0,0.0,0.2272247431748254,0.0,0.0,0.0,0.0,0.0,0.0,0.0,0.0,0.5878668877992318,0.0,0.11627906976744187,0.053435794631918936,0.10655441972339147,0.003483698079499778,0.14526150541188135,0.00024175824175824177,0.02156887593460905,0.007246064265689025,0.04308430232558137,0.17111111111111113,0.13793103448275865,0.0,0.3,0.0,0.0,0.5,0.0,0.0,0.0,0.0,0.0,0.0,0.0,0.0,0.0,0.0,0.5,0.0,0.0,0.0,0.5,5EKqsMU2tn1iAYNQF8h0ll
0.0,0.0,0.0,0.0,0.0,0.0,0.0,0.0,0.0,0.0,0.0,0.0,0.0,0.5878668877992318,0.0,0.0,0.0,0.0,0.0,0.0,0.0,0.0,0.0,0.0,0.0,0.5071429389704893,0.0,0.0,0.2272247431748254,0.0,0.0,0.0,0.0,0.0,0.0,0.0,0.0,0.5878668877992318,0.0,0.09198966408268737,0.1570108029847422,0.13980089530299994,0.01366681554265297,0.04693877551020408,3.142857142857143e-05,0.013128881003675076,0.09648479620444254,0.12786046511627905,0.17111111111111113,0.167816091954023,0.0,0.3,0.0,0.0,0.5,0.0,0.0,0.0,0.0,0.0,0.0,0.0,0.0,0.0,0.5,0.0,0.0,0.0,0.0,0.5,2ToW7zhGCrVrLU4fiKj9U1
0.0,0.0,0.0,0.0,0.0,0.0,0.0,0.0,0.0,0.0,0.0,0.0,0.0,0.5878668877992318,0.0,0.0,0.0,0.0,0.0,0.0,0.0,0.0,0.0,0.0,0.0,0.5071429389704893,0.0,0.0,0.2272247431748254,0.0,0.0,0.0,0.0,0.0,0.0,0.0,0.0,0.5878668877992318,0.0,0.14547803617571062,0.11134870252812118,0.13163626645286297,0.008396605627512285,0.1043625547384946,1.1384615384615383e-05,0.014320111519452545,0.05076558119473799,0.048808139534883714,0.17111111111111113,0.12873563218390804,0.0,0.3,0.0,0.0,0.5,0.0,0.5,0.0,0.0,0.0,0.0,0.0,0.0,0.0,0.0,0.0,0.0,0.0,0.0,0.5,5WyL4ZuwJ06qVd8X5bf2b5
0.0,0.0,0.0,0.0,0.0,0.0,0.0,0.0,0.0,0.0,0.0,0.0,0.0,0.0,0.0,0.0,0.0,0.0,0.0,0.0,0.0,0.0,0.0,0.0,0.0,0.0,0.0,0.0,0.0,0.0,0.0,0.0,0.0,0.0,0.0,0.0,0.0,0.0,1.0,0.03255813953488372,0.13228644615213278,0.14908799358588895,0.0031263957123715937,0.08907708832520862,1.6483516483516484e-06,0.023343049043213795,0.06111710157429373,0.13787499999999997,0.13555555555555557,0.1839080459770115,0.0,0.3,0.0,0.0,0.5,0.0,0.0,0.0,0.0,0.0,0.0,0.0,0.0,0.0,0.0,0.5,0.0,0.0,0.0,0.5,79EkGysjP2dL5GdpeQjRxT
0.0,0.0,0.0,0.0,0.8651026443198061,0.0,0.0,0.0,0.0,0.0,0.0,0.0,0.0,0.0,0.0,0.0,0.0,0.0,0.0,0.0,0.0,0.0,0.0,0.0,0.0,0.0,0.0,0.0,0.5015948711768085,0.0,0.0,0.0,0.0,0.0,0.0,0.0,0.0,0.0,0.0,0.04857881136950904,0.04808998774919257,0.056070020712233576,0.004734256364448412,0.18843262001156738,0.0389010989010989,0.014218730198960845,0.05917619150312703,0.020931686046511622,0.2,0.16091954022988508,0.0,0.3,0.0,0.0,0.5,0.0,0.0,0.0,0.0,0.0,0.0,0.0,0.0,0.0,0.0,0.5,0.0,0.0,0.5,0.0,3hwQhakFwm9soLEBnSDH17
0.0,0.0,0.0,0.0,0.8651026443198061,0.0,0.0,0.0,0.0,0.0,0.0,0.0,0.0,0.0,0.0,0.0,0.0,0.0,0.0,0.0,0.0,0.0,0.0,0.0,0.0,0.0,0.0,0.0,0.5015948711768085,0.0,0.0,0.0,0.0,0.0,0.0,0.0,0.0,0.0,0.0,0.05271317829457365,0.0,0.009554352909734743,0.011255024564537745,0.1993803189291911,3.7362637362637365e-05,0.009529844126219746,0.054000431313349154,0.0,0.2,0.16091954022988508,0.3,0.0,0.0,0.0,0.0,0.5,0.0,0.0,0.0,0.0,0.0,0.0,0.0,0.0,0.0,0.5,0.0,0.0,0.0,0.5,5tyMJlMqaggzvuX7TtlrTe
0.0,0.0,0.0,0.0,0.8651026443198061,0.0,0.0,0.0,0.0,0.0,0.0,0.0,0.0,0.0,0.0,0.0,0.0,0.0,0.0,0.0,0.0,0.0,0.0,0.0,0.0,0.0,0.0,0.0,0.5015948711768085,0.0,0.0,0.0,0.0,0.0,0.0,0.0,0.0,0.0,0.0,0.029457364341085264,0.0594498273749861,0.08836774236653973,0.010629745422063417,0.167983144674874,0.09098901098901098,0.024610315549360037,0.02100496010351521,0.04121511627906976,0.2,0.19540229885057472,0.0,0.3,0.0,0.0,0.5,0.0,0.0,0.0,0.0,0.0,0.0,0.0,0.5,0.0,0.0,0.0,0.0,0.0,0.5,0.0,2mdEsXPu8ZmkHRRtAdC09e
0.0,0.0,0.0,0.0,0.8651026443198061,0.0,0.0,0.0,0.0,0.0,0.0,0.0,0.0,0.0,0.0,0.0,0.0,0.0,0.0,0.0,0.0,0.0,0.0,0.0,0.0,0.0,0.0,0.0,0.5015948711768085,0.0,0.0,0.0,0.0,0.0,0.0,0.0,0.0,0.0,0.0,0.06950904392764859,0.0757099899766121,0.1224026190953431,0.00678874497543546,0.15703544575725029,0.0,0.005119756684830822,0.033944360577959895,0.08769331395348835,0.2,0.15632183908045977,0.0,0.3,0.0,0.0,0.5,0.0,0.0,0.0,0.0,0.0,0.0,0.0,0.0,0.0,0.0,0.5,0.0,0.0,0.5,0.0,7oTE1KmtU2ml9zBhv9Reao
0.0,0.0,0.0,0.0,0.8651026443198061,0.0,0.0,0.0,0.0,0.0,0.0,0.0,0.0,0.0,0.0,0.0,0.0,0.0,0.0,0.0,0.0,0.0,0.0,0.0,0.0,0.0,0.0,0.0,0.5015948711768085,0.0,0.0,0.0,0.0,0.0,0.0,0.0,0.0,0.0,0.0,0.06795865633074936,0.03472547054237667,0.06307209193559164,0.010540419830281375,0.1938031892919111,0.004417582417582417,0.024610315549360037,0.034160017252533974,0.022844476744186028,0.2,0.15632183908045977,0.3,0.0,0.0,0.0,0.0,0.5,0.0,0.0,0.5,0.0,0.0,0.0,0.0,0.0,0.0,0.0,0.0,0.0,0.5,0.0,6ERZ30cRjVWGtVLhczX9aL
0.0,0.0,0.0,0.0,0.8651026443198061,0.0,0.0,0.0,0.0,0.0,0.0,0.0,0.0,0.0,0.0,0.0,0.0,0.0,0.0,0.0,0.0,0.0,0.0,0.0,0.0,0.0,0.0,0.0,0.5015948711768085,0.0,0.0,0.0,0.0,0.0,0.0,0.0,0.0,0.0,0.0,0.07416020671834626,0.010892081523554961,0.08334335538184007,0.014292094685127286,0.19999999999999998,3.076923076923077e-07,0.01378785958687112,0.025533750269570846,0.01028197674418604,0.2,0.18160919540229886,0.0,0.3,0.0,0.0,0.0,0.5,0.0,0.0,0.5,0.0,0.0,0.0,0.0,0.0,0.0,0.0,0.0,0.0,0.0,0.5,3lG6OtGDsYAOALxEmubQQm
0.0,0.0,0.0,0.0,0.8651026443198061,0.0,0.0,0.0,0.0,0.0,0.0,0.0,0.0,0.0,0.0,0.0,0.0,0.0,0.0,0.0,0.0,0.0,0.0,0.0,0.0,0.0,0.0,0.0,0.5015948711768085,0.0,0.0,0.0,0.0,0.0,0.0,0.0,0.0,0.0,0.0,0.08010335917312661,0.007550952221850985,0.05370481726464891,0.03519428316212595,0.1989671982153185,0.0,0.030186288176403505,0.05184386456760838,0.03379360465116278,0.2,0.15862068965517243,0.3,0.0,0.0,0.5,0.0,0.0,0.0,0.0,0.0,0.0,0.5,0.0,0.0,0.0,0.0,0.0,0.0,0.0,0.5,0.0,0fB77VOZ2FkQeKLv1DuEwp
0.0,0.0,0.0,0.0,0.8651026443198061,0.0,0.0,0.0,0.0,0.0,0.0,0.0,0.0,0.0,0.0,0.0,0.0,0.0,0.0,0.0,0.0,0.0,0.0,0.0,0.0,0.0,0.0,0.0,0.5015948711768085,0.0,0.0,0.0,0.0,0.0,0.0,0.0,0.0,0.0,0.0,0.09612403100775196,0.029379663659650303,0.0874189884412374,0.01688253684680661,0.19814095678757335,0.0003384615384615384,0.046153846153846156,0.04300194091007117,0.02121511627906977,0.2,0.13333333333333333,0.3,0.0,0.0,0.0,0.0,0.5,0.0,0.0,0.0,0.0,0.0,0.0,0.5,0.0,0.0,0.0,0.0,0.0,0.0,0.5,5uPpzqixdzAMXprr4P5aT5
0.0,0.0,0.0,0.0,0.8651026443198061,0.0,0.0,0.0,0.0,0.0,0.0,0.0,0.0,0.0,0.0,0.0,0.0,0.0,0.0,0.0,0.0,0.0,0.0,0.0,0.0,0.0,0.0,0.0,0.5015948711768085,0.0,0.0,0.0,0.0,0.0,0.0,0.0,0.0,0.0,0.0,0.08966408268733853,0.06590934402494711,0.08397140375492751,0.0032157213041536375,0.10043790795670496,0.0005054945054945055,0.01700671651248258,0.04235497088634894,0.05169912790697674,0.2,0.1632183908045977,0.3,0.0,0.0,0.0,0.0,0.5,0.0,0.0,0.0,0.0,0.0,0.0,0.0,0.0,0.0,0.0,0.5,0.0,0.0,0.5,2Kerz9H9IejzeIpjhDJoYG
0.0,0.0,0.0,0.0,0.8651026443198061,0.0,0.0,0.0,0.0,0.0,0.0,0.0,0.0,0.0,0.0,0.0,0.0,0.0,0.0,0.0,0.0,0.0,0.0,0.0,0.0,0.0,0.0,0.0,0.5015948711768085,0.0,0.0,0.0,0.0,0.0,0.0,0.0,0.0,0.0,0.0,0.08372093023255817,0.13028176857111037,0.11469232311084386,0.026887003126395716,0.12460546971825169,0.0004241758241758241,0.08138385502471171,0.04839335777442313,0.05313517441860464,0.2,0.17011494252873563,0.0,0.3,0.0,0.0,0.5,0.0,0.5,0.0,0.0,0.0,0.0,0.0,0.0,0.0,0.0,0.0,0.0,0.0,0.5,0.0,0mt02gJ425Xjm7c3jYkOBn
0.0,0.0,0.0,0.0,0.8651026443198061,0.0,0.0,0.0,0.0,0.0,0.0,0.0,0.0,0.0,0.0,0.0,0.0,0.0,0.0,0.0,0.0,0.0,0.0,0.0,0.0,0.0,0.0,0.0,0.5015948711768085,0.0,0.0,0.0,0.0,0.0,0.0,0.0,0.0,0.0,0.0,0.03979328165374678,0.04586256821472326,0.054813923966058664,0.035908887896382316,0.1809964471618607,5.472527472527472e-05,0.017767076416170324,0.08440802242829418,0.19999999999999996,0.2,0.17701149425287357,0.0,0.3,0.0,0.0,0.5,0.0,0.0,0.0,0.0,0.0,0.5,0.0,0.0,0.0,0.0,0.0,0.0,0.0,0.5,0.0,7bPWdJgx8vek7S5i5yAtvG
0.0,0.0,0.0,0.0,0.8651026443198061,0.0,0.0,0.0,0.0,0.0,0.0,0.0,0.0,0.0,0.0,0.0,0.0,0.0,0.0,0.0,0.0,0.0,0.0,0.0,0.0,0.0,0.0,0.0,0.5015948711768085,0.0,0.0,0.0,0.0,0.0,0.0,0.0,0.0,0.0,0.0,0.057881136950904404,0.13228644615213278,0.14069619830293312,0.014828048235819562,0.1117987275882013,0.0008835164835164835,0.01700671651248258,0.012357127453094674,0.06442151162790696,0.2,0.19080459770114944,0.0,0.3,0.0,0.0,0.5,0.0,0.0,0.5,0.0,0.0,0.0,0.0,0.0,0.0,0.0,0.0,0.0,0.0,0.0,0.5,1NZs6n6hl8UuMaX0UC0YTz
0.0,0.0,0.0,0.0,0.8651026443198061,0.0,0.0,0.0,0.0,0.0,0.0,0.0,0.0,0.0,0.0,0.0,0.0,0.0,0.0,0.0,0.0,0.0,0.0,0.0,0.0,0.0,0.0,0.0,0.5015948711768085,0.0,0.0,0.0,0.0,0.0,0.0,0.0,0.0,0.0,0.0,0.04366925064599483,0.10132531462300927,0.13894568049709363,0.01875837427422957,0.12026770222258945,0.0,0.07783550880750223,0.054000431313349154,0.10659447674418604,0.2,0.15632183908045977,0.0,0.3,0.0,0.0,0.5,0.0,0.0,0.0,0.0,0.0,0.0,0.0,0.0,0.0,0.5,0.0,0.0,0.0,0.5,0.0,7Ms58r8G6Y0r1XLtpwoGxN
0.0,0.0,0.0,0.0,0.8651026443198061,0.0,0.0,0.0,0.0,0.0,0.0,0.0,0.0,0.0,0.0,0.0,0.0,0.0,0.0,0.0,0.0,0.0,0.0,0.0,0.0,0.0,0.0,0.0,0.5015948711768085,0.0,0.0,0.0,0.0,0.0,0.0,0.0,0.0,0.0,0.0,0.08785529715762275,0.138077736941753,0.15110576601857423,0.027958910227780256,0.1239857886474428,0.04417582417582418,0.02384995564567229,0.03114082380849688,0.09653197674418602,0.2,0.15172413793103448,0.3,0.0,0.0,0.5,0.0,0.0,0.0,0.0,0.0,0.0,0.0,0.5,0.0,0.0,0.0,0.0,0.0,0.0,0.0,0.5,70Laus6ozJIHDpfTtUSmAZ
0.0,0.0,0.0,0.0,0.8651026443198061,0.0,0.0,0.0,0.0,0.0,0.0,0.0,0.0,0.0,0.0,0.0,0.0,0.0,0.0,0.0,0.0,0.0,0.0,0.0,0.0,0.0,0.0,0.0,0.5015948711768085,0.0,0.0,0.0,0.0,0.0,0.0,0.0,0.0,0.0,0.0,0.022222222222222227,0.09865241118164608,0.12527560633393467,0.0131308619919607,0.057679914070891514,1.3142857142857141e-05,0.01700671651248258,0.11675652361440587,0.1996453488372093,0.2,0.15632183908045977,0.0,0.3,0.0,0.0,0.5,0.0,0.5,0.0,0.0,0.0,0.0,0.0,0.0,0.0,0.0,0.0,0.0,0.0,0.0,0.5,0iQPnK3bi7O27c5T2HBTdr
0.0,0.0,0.0,0.0,0.8651026443198061,0.0,0.0,0.0,0.0,0.0,0.0,0.0,0.0,0.0,0.0,0.0,0.0,0.0,0.0,0.0,0.0,0.0,0.0,0.0,0.0,0.0,0.0,0.0,0.5015948711768085,0.0,0.0,0.0,0.0,0.0,0.0,0.0,0.0,0.0,0.0,0.034108527131782945,0.021806437242454624,0.06348633660720251,0.008128628852166146,0.18326861108815998,1.4483516483516482e-06,0.026384488657964774,0.025102436920422688,0.06495639534883718,0.2,0.15862068965517243,0.0,0.3,0.0,0.0,0.0,0.5,0.0,0.0,0.0,0.0,0.0,0.0,0.0,0.0,0.0,0.0,0.5,0.0,0.5,0.0,6IfPyMb0Sxptpx6jBUATOS
0.0,0.0,0.0,0.0,0.8651026443198061,0.0,0.0,0.0,0.0,0.0,0.0,0.0,0.0,0.0,0.0,0.0,0.0,0.0,0.0,0.0,0.0,0.0,0.0,0.0,0.0,0.0,0.0,0.0,0.5015948711768085,0.0,0.0,0.0,0.0,0.0,0.0,0.0,0.0,0.0,0.0,0.06847545219638244,0.10065708876266846,0.12320438297588028,0.008039303260384099,0.07482442369660414,0.00010703296703296704,0.009327081485236345,0.026827690317015315,0.06442877906976742,0.2,0.1632183908045977,0.0,0.3,0.0,0.0,0.5,0.0,0.0,0.0,0.5,0.0,0.0,0.0,0.0,0.0,0.0,0.0,0.0,0.0,0.0,0.5,45pI8224KKX9Gx5fiyvEAh
0.0,0.0,0.0,0.0,0.8651026443198061,0.0,0.0,0.0,0.0,0.0,0.0,0.0,0.0,0.0,0.0,0.0,0.0,0.0,0.0,0.0,0.0,0.0,0.0,0.0,0.0,0.0,0.0,0.0,0.5015948711768085,0.0,0.0,0.0,0.0,0.0,0.0,0.0,0.0,0.0,0.0,0.0,0.12604967145561868,0.14212601055655777,0.017597141581062972,0.04301412872841444,2.923076923076923e-05,0.04412621974401218,0.07599741211990513,0.01774273255813953,0.2,0.1310344827586207,0.0,0.3,0.0,0.0,0.5,0.0,0.0,0.0,0.0,0.0,0.5,0.0,0.0,0.0,0.0,0.0,0.0,0.0,0.5,0.0,3eRZZ4d2RJSqFKzP7tSdFE
0.0,0.0,0.0,0.0,0.8651026443198061,0.0,0.0,0.0,0.0,0.0,0.0,0.0,0.0,0.0,0.0,0.0,0.0,0.0,0.0,0.0,0.0,0.0,0.0,0.0,0.0,0.0,0.0,0.0,0.5015948711768085,0.0,0.0,0.0,0.0,0.0,0.0,0.0,0.0,0.0,0.0,0.056847545219638265,0.1452054794520548,0.1558228101824013,0.03385439928539526,0.012443195901842518,0.00037582417582417583,0.09050817386896465,0.021220616778089285,0.14046511627906974,0.2,0.12183908045977013,0.0,0.3,0.0,0.0,0.5,0.0,0.0,0.0,0.0,0.0,0.5,0.0,0.0,0.0,0.0,0.0,0.0,0.0,0.5,0.0,7grzMnF1FHponm2aJBWj8E
0.0,0.0,0.0,0.0,0.8651026443198061,0.0,0.0,0.0,0.0,0.0,0.0,0.0,0.0,0.0,0.0,0.0,0.0,0.0,0.0,0.0,0.0,0.0,0.0,0.0,0.0,0.0,0.0,0.0,0.5015948711768085,0.0,0.0,0.0,0.0,0.0,0.0,0.0,0.0,0.0,0.0,0.05426356589147288,0.04118498719233769,0.10090198436560434,0.0051808843233586395,0.16633066181938364,2.505494505494505e-07,0.011608161196299585,0.03049385378477464,0.08521947674418603,0.2,0.12643678160919541,0.0,0.3,0.0,0.0,0.5,0.0,0.0,0.0,0.0,0.0,0.0,0.0,0.5,0.0,0.0,0.0,0.0,0.0,0.5,0.0,5by7gtiDrxe4n2qQQunL8S
0.0,0.0,0.0,0.0,0.8651026443198061,0.0,0.0,0.0,0.0,0.0,0.0,0.0,0.0,0.0,0.0,0.0,0.0,0.0,0.0,0.0,0.0,0.0,0.0,0.0,0.0,0.0,0.0,0.0,0.5015948711768085,0.0,0.0,0.0,0.0,0.0,0.0,0.0,0.0,0.0,0.0,0.1049095607235142,0.12716338122285334,0.11872786797621433,0.035104957570343896,0.024630256961084028,0.0,0.031707007983779,0.07858529221479407,0.08225290697674419,0.2,0.11724137931034483,0.3,0.0,0.0,0.5,0.0,0.0,0.0,0.5,0.0,0.0,0.0,0.0,0.0,0.0,0.0,0.0,0.0,0.0,0.5,0.0,0rbuGVyW18IpX0bhA3P4Oh
0.0,0.0,0.0,0.0,0.8651026443198061,0.0,0.0,0.0,0.0,0.0,0.0,0.0,0.0,0.0,0.0,0.0,0.0,0.0,0.0,0.0,0.0,0.0,0.0,0.0,0.0,0.0,0.0,0.0,0.5015948711768085,0.0,0.0,0.0,0.0,0.0,0.0,0.0,0.0,0.0,0.0,0.034108527131782945,0.17171177191223969,0.1601256096746175,0.05404198302813756,0.044666611583904815,5.23076923076923e-06,0.011329362564947409,0.03178779383221911,0.01698691860465115,0.2,0.12873563218390804,0.0,0.3,0.0,0.0,0.5,0.0,0.0,0.0,0.5,0.0,0.0,0.0,0.0,0.0,0.0,0.0,0.0,0.0,0.0,0.5,45dAw6GXEsogcDF3NUgj3O
0.0,0.0,0.0,0.0,0.8651026443198061,0.0,0.0,0.0,0.0,0.0,0.0,0.0,0.0,0.0,0.0,0.0,0.0,0.0,0.0,0.0,0.0,0.0,0.0,0.0,0.0,0.0,0.0,0.0,0.5015948711768085,0.0,0.0,0.0,0.0,0.0,0.0,0.0,0.0,0.0,0.0,0.079328165374677,0.07927386123176301,0.10245206120130955,0.00678874497543546,0.017999669503428902,8.615384615384615e-05,0.02156887593460905,0.0,0.05324273255813953,0.2,0.11264367816091954,0.0,0.3,0.0,0.0,0.5,0.0,0.0,0.5,0.0,0.0,0.0,0.0,0.0,0.0,0.0,0.0,0.0,0.0,0.5,0.0,0LKYAQdeUDxqqL4O6qUzsD
0.0,0.0,0.0,0.0,0.8651026443198061,0.0,0.0,0.0,0.0,0.0,0.0,0.0,0.0,0.0,0.0,0.0,0.0,0.0,0.0,0.0,0.0,0.0,0.0,0.0,0.0,0.0,0.0,0.0,0.5015948711768085,0.0,0.0,0.0,0.0,0.0,0.0,0.0,0.0,0.0,0.0,0.09948320413436691,0.12849983294353493,0.13948018975078508,0.008307280035730238,0.009262166405023548,0.0,0.019794702826004307,0.03847315074401553,0.07050290697674416,0.2,0.11954022988505747,0.0,0.3,0.0,0.0,0.5,0.0,0.0,0.5,0.0,0.0,0.0,0.0,0.0,0.0,0.0,0.0,0.0,0.0,0.5,0.0,4cKtn8Shw999egpwBmWQmp
0.41212854562161466,0.0,0.0,0.0,0.0,0.0,0.0,0.0,0.0,0.0,0.0,0.0,0.0,0.0,0.0,0.0,0.0,0.0,0.0,0.0,0.0,0.0,0.0,0.0,0.812588532879726,0.0,0.0,0.0,0.0,0.0,0.0,0.41212854562161466,0.0,0.0,0.0,0.0,0.0,0.0,0.0,0.12558139534883725,0.1465419311727364,0.152589029197568,0.015899955337204112,0.0002044947533669338,9.362637362637362e-07,0.0,0.10187621306879449,0.08658575581395346,0.12666666666666668,0.15862068965517243,0.3,0.0,0.0,0.5,0.0,0.0,0.0,0.0,0.0,0.0,0.0,0.0,0.0,0.5,0.0,0.0,0.0,0.0,0.0,0.5,6XcfKZvJio9Z0fQy11GnNX
0.21084122342533956,0.0,0.0,0.0,0.0,0.0,0.0,0.0,0.0,0.0,0.0,0.0,0.0,0.0,0.0,0.0,0.0,0.39679144250139575,0.0,0.0,0.0,0.46872680675684614,0.0,0.0,0.4157129182967657,0.3165491825476365,0.0,0.0,0.0,0.0,0.0,0.21084122342533956,0.0,0.5108062973220017,0.0,0.0,0.0,0.0,0.0,0.09819121447028425,0.19287225748969822,0.15222823545132624,0.017686467172845024,0.0015925803519788483,0.0,0.029932834875174254,0.07189993530299764,0.07199854651162789,0.14,0.1839080459770115,0.0,0.3,0.0,0.0,0.5,0.0,0.0,0.0,0.0,0.5,0.0,0.0,0.0,0.0,0.0,0.0,0.0,0.0,0.0,0.5,0GO8y8jQk1PkHzS31d699N
0.0,0.0,0.0,0.0,0.0,0.0,0.0,0.0,0.9635476658655691,0.0,0.0,0.0,0.0,0.0,0.0,0.0,0.0,0.0,0.0,0.0,0.0,0.0,0.0,0.0,0.0,0.0,0.0,0.0,0.26753671823698105,0.0,0.0,0.0,0.0,0.0,0.0,0.0,0.0,0.0,0.0,0.07183462532299743,0.10934402494709881,0.16580477049508924,0.0025011165698972746,0.019776088573081052,0.0,0.028665568369028012,0.03631658399827475,0.12565406976744184,0.17111111111111113,0.17011494252873563,0.0,0.3,0.0,0.0,0.5,0.0,0.0,0.0,0.0,0.0,0.0,0.0,0.0,0.0,0.0,0.0,0.5,0.0,0.0,0.5,1MhXdlCQPnO56T57MfmaRm
0.0,0.0,0.0,0.5,0.0,0.0,0.0,0.0,0.0,0.5,0.5,0.0,0.0,0.0,0.0,0.0,0.0,0.0,0.0,0.0,0.0,0.0,0.0,0.0,0.0,0.0,0.0,0.0,0.0,0.0,0.0,0.0,0.0,0.0,0.0,0.5,0.0,0.0,0.0,0.04883720930232559,0.08840628132308721,0.10969466158882875,0.002947744528807503,0.003850285053292572,0.1010989010989011,0.016753263211253328,0.02941557041190425,0.045127906976744174,0.1777777777777778,0.17931034482758623,0.0,0.3,0.0,0.0,0.5,0.0,0.0,0.0,0.0,0.0,0.0,0.5,0.0,0.0,0.0,0.0,0.0,0.0,0.0,0.5,3AVrVz5rK8Hrqo9YGiVGN5
0.26978779593878455,0.0,0.0,0.0,0.0,0.0,0.0,0.0,0.0,0.0,0.0,0.0,0.0,0.0,0.0,0.6536165123086264,0.0,0.0,0.0,0.0,0.0,0.0,0.6536165123086264,0.0,0.0,0.0,0.0,0.0,0.0,0.0,0.0,0.26978779593878455,0.0,0.0,0.0,0.0,0.0,0.0,0.0,0.02403100775193799,0.11023499276088651,0.1328790004676956,0.2,0.10642815830785757,3.692307692307692e-07,0.010797110632365992,0.05615699805908994,0.16873982558139533,0.12666666666666668,0.0022988505747126436,0.0,0.3,0.0,0.0,0.5,0.0,0.0,0.0,0.5,0.0,0.0,0.0,0.0,0.0,0.0,0.0,0.0,0.0,0.0,0.5,2lTtnKQgjbrBA1qnOFhBkP
0.0,0.0,0.0,0.5,0.0,0.0,0.0,0.0,0.0,0.5,0.5,0.0,0.0,0.0,0.0,0.0,0.0,0.0,0.0,0.0,0.0,0.0,0.0,0.0,0.0,0.0,0.0,0.0,0.0,0.0,0.0,0.0,0.0,0.0,0.0,0.5,0.0,0.0,0.0,0.06072351421188631,0.07905111927831608,0.08010957439700678,0.0008039303260384101,0.10250351152606792,0.19956043956043956,0.015739450006336333,0.04537416433038603,0.0383924418604651,0.1777777777777778,0.12643678160919541,0.0,0.3,0.0,0.0,0.5,0.0,0.0,0.0,0.0,0.0,0.0,0.0,0.0,0.5,0.0,0.0,0.0,0.0,0.0,0.5,4eVNSHRazoHgfYGv3AYFyZ
0.0,0.0,0.0,0.0,0.0,0.0,0.0,0.0,0.0,0.0,0.0,0.0,0.0,0.0,0.0,0.0,0.0,0.0,0.0,0.0,0.0,0.0,0.0,0.0,0.0,0.0,0.0,0.0,0.0,0.0,0.0,0.0,0.0,0.0,0.0,0.0,0.0,0.0,1.0,0.06175710594315245,0.16057467423989313,0.1595376494955569,0.012505582849486383,0.014384863257043707,0.0008769230769230768,0.00970726143708022,0.07362518869959027,0.13453343023255812,0.12,0.0,0.0,0.3,0.0,0.0,0.5,0.0,0.5,0.0,0.0,0.0,0.0,0.0,0.0,0.0,0.0,0.0,0.0,0.0,0.0,0.5,05YoWLFjHU9qc4tXcCqtLW
0.4890810970904302,0.0,0.0,0.0,0.0,0.0,0.0,0.6429311092893496,0.0,0.0,0.0,0.0,0.0,0.0,0.0,0.0,0.0,0.0,0.0,0.0,0.0,0.0,0.0,0.0,0.0,0.0,0.0,0.0,0.3289968839451356,0.0,0.0,0.4890810970904302,0.0,0.0,0.0,0.0,0.0,0.0,0.0,0.04573643410852713,0.07905111927831608,0.13263847130353446,0.008217954443948192,0.12047426257952575,0.0,0.07073881637308327,0.050118611171015764,0.05618168604651163,0.17333333333333334,0.2,0.0,0.3,0.0,0.0,0.5,0.0,0.0,0.0,0.0,0.0,0.0,0.5,0.0,0.0,0.0,0.0,0.0,0.0,0.0,0.5,4xqrdfXkTW4T0RauPLv3WA
0.4890810970904302,0.0,0.0,0.0,0.0,0.0,0.0,0.6429311092893496,0.0,0.0,0.0,0.0,0.0,0.0,0.0,0.0,0.0,0.0,0.0,0.0,0.0,0.0,0.0,0.0,0.0,0.0,0.0,0.0,0.3289968839451356,0.0,0.0,0.4890810970904302,0.0,0.0,0.0,0.0,0.0,0.0,0.0,0.11576227390180881,0.12671789731595948,0.15723925970468366,0.017329164805716838,0.0001776419069652152,0.0,0.07884932201241922,0.09821004960103516,0.0648546511627907,0.17333333333333334,0.1839080459770115,0.0,0.3,0.0,0.0,0.5,0.0,0.0,0.0,0.0,0.0,0.0,0.0,0.0,0.0,0.5,0.0,0.0,0.0,0.0,0.5,6KfoDhO4XUWSbnyKjNp9c4
0.4890810970904302,0.0,0.0,0.0,0.0,0.0,0.0,0.6429311092893496,0.0,0.0,0.0,0.0,0.0,0.0,0.0,0.0,0.0,0.0,0.0,0.0,0.0,0.0,0.0,0.0,0.0,0.0,0.0,0.0,0.3289968839451356,0.0,0.0,0.4890810970904302,0.0,0.0,0.0,0.0,0.0,0.0,0.0,0.09043927648578814,0.11647176745740061,0.13283891227366876,0.02715497990174185,0.07936875154920268,0.0,0.06871118996324928,0.10791459995686868,0.09054941860465116,0.17333333333333334,0.15402298850574714,0.0,0.3,0.0,0.0,0.5,0.0,0.0,0.0,0.0,0.0,0.0,0.5,0.0,0.0,0.0,0.0,0.0,0.0,0.0,0.5,4JeOesjcWWlprTAvucDSJX
0.4890810970904302,0.0,0.0,0.0,0.0,0.0,0.0,0.6429311092893496,0.0,0.0,0.0,0.0,0.0,0.0,0.0,0.0,0.0,0.0,0.0,0.0,0.0,0.0,0.0,0.0,0.0,0.0,0.0,0.0,0.3289968839451356,0.0,0.0,0.4890810970904302,0.0,0.0,0.0,0.0,0.0,0.0,0.0,0.11007751937984496,0.1668114489364072,0.1660052114652235,0.022242072353729346,0.0004585639923985789,0.0,0.0069192751235584845,0.15233987491912876,0.016832848837209292,0.17333333333333334,0.15172413793103448,0.0,0.3,0.0,0.0,0.5,0.0,0.0,0.0,0.0,0.0,0.0,0.0,0.0,0.0,0.0,0.5,0.0,0.0,0.0,0.5,3Z39gbqdaGL3WJXBG0gcuE
0.4890810970904302,0.0,0.0,0.0,0.0,0.0,0.0,0.6429311092893496,0.0,0.0,0.0,0.0,0.0,0.0,0.0,0.0,0.0,0.0,0.0,0.0,0.0,0.0,0.0,0.0,0.0,0.0,0.0,0.0,0.3289968839451356,0.0,0.0,0.4890810970904302,0.0,0.0,0.0,0.0,0.0,0.0,0.0,0.0984496124031008,0.1367412852210714,0.120157680229839,0.0382313532827155,0.0715194579856234,6.43956043956044e-07,0.020048156127233558,0.1057580332111279,0.02696511627906978,0.17333333333333334,0.1425287356321839,0.0,0.3,0.0,0.0,0.5,0.0,0.0,0.0,0.0,0.0,0.0,0.0,0.0,0.0,0.0,0.5,0.0,0.0,0.0,0.5,79e2GU4RLPjAqnijfvsXYr
0.4890810970904302,0.0,0.0,0.0,0.0,0.0,0.0,0.6429311092893496,0.0,0.0,0.0,0.0,0.0,0.0,0.0,0.0,0.0,0.0,0.0,0.0,0.0,0.0,0.0,0.0,0.0,0.0,0.0,0.0,0.3289968839451356,0.0,0.0,0.4890810970904302,0.0,0.0,0.0,0.0,0.0,0.0,0.0,0.08837209302325583,0.15478338345027287,0.15810783724193228,0.15087092451987497,0.030000826241427744,0.0,0.01107590926371816,0.09001509596722021,0.1695348837209302,0.17333333333333334,0.15862068965517243,0.0,0.3,0.0,0.0,0.5,0.0,0.5,0.0,0.0,0.0,0.0,0.0,0.0,0.0,0.0,0.0,0.0,0.0,0.0,0.5,2sHwSBNDZN2yjCtgwStYt1
0.4890810970904302,0.0,0.0,0.0,0.0,0.0,0.0,0.6429311092893496,0.0,0.0,0.0,0.0,0.0,0.0,0.0,0.0,0.0,0.0,0.0,0.0,0.0,0.0,0.0,0.0,0.0,0.0,0.0,0.0,0.3289968839451356,0.0,0.0,0.4890810970904302,0.0,0.0,0.0,0.0,0.0,0.0,0.0,0.134625322997416,0.1465419311727364,0.16036613883877868,0.020276909334524345,0.0035197884821944973,0.0,0.03221391458623749,0.141988354539573,0.04018313953488372,0.17333333333333334,0.17471264367816094,0.0,0.3,0.0,0.0,0.0,0.5,0.0,0.0,0.5,0.0,0.0,0.0,0.0,0.0,0.0,0.0,0.0,0.0,0.0,0.5,0kn2gu8Pd03DiYHzRvX2Xk
0.4890810970904302,0.0,0.0,0.0,0.0,0.0,0.0,0.6429311092893496,0.0,0.0,0.0,0.0,0.0,0.0,0.0,0.0,0.0,0.0,0.0,0.0,0.0,0.0,0.0,0.0,0.0,0.0,0.0,0.0,0.3289968839451356,0.0,0.0,0.4890810970904302,0.0,0.0,0.0,0.0,0.0,0.0,0.0,0.0881136950904393,0.15500612540371983,0.15810783724193228,0.12943278249218404,0.030000826241427744,0.0,0.01107590926371816,0.0910933793400906,0.16955813953488366,0.17333333333333334,0.0,0.0,0.3,0.0,0.0,0.5,0.0,0.5,0.0,0.0,0.0,0.0,0.0,0.0,0.0,0.0,0.0,0.0,0.0,0.0,0.5,2A8HqRdelOG4ugnhrU556O
0.2296973568310773,0.0,0.0,0.0,0.0,0.0,0.0,0.0,0.0,0.0,0.0,0.0,0.0,0.0,0.0,0.0,0.0,0.0,0.0,0.0,0.0,0.5106463851744998,0.0,0.0,0.4528913131027897,0.344859080956612,0.0,0.0,0.0,0.0,0.5564891648861112,0.2296973568310773,0.0,0.0,0.0,0.0,0.0,0.0,0.0,0.09431524547803621,0.2,0.18272198837442374,0.05466726217061189,0.0078368999421631,0.0007142857142857142,0.07301989608414651,0.10554237653655381,0.15485465116279068,0.14444444444444446,0.17011494252873563,0.0,0.3,0.0,0.0,0.5,0.0,0.0,0.0,0.0,0.0,0.0,0.0,0.0,0.0,0.0,0.5,0.0,0.0,0.5,0.0,2AYEOC02WLhUiOoaig2SEH
0.0,0.0,0.0,0.0,0.0,0.0,0.0,0.0,0.0,0.0,0.0,0.0,0.0,0.0,0.0,0.0,0.0,0.0,0.0,0.0,0.0,0.0,0.0,0.0,0.0,0.0,0.0,0.0,0.0,0.0,0.0,0.0,0.0,0.0,0.0,0.0,0.0,0.0,1.0,0.16640826873385015,0.13585031740728368,0.1456003207055522,0.016435908887896387,0.08763116582665455,0.0,0.010645038651628441,0.15837826180720294,0.06780813953488371,0.10666666666666667,0.15862068965517243,0.0,0.3,0.0,0.0,0.5,0.0,0.0,0.0,0.0,0.0,0.0,0.0,0.0,0.0,0.0,0.0,0.5,0.0,0.5,0.0,347PJwH4XqRbeaKaIW9sX3
0.0,0.0,0.5294303425375251,0.0,0.0,0.0,0.0,0.0,0.0,0.0,0.0,0.0,0.0,0.0,0.0,0.0,0.0,0.4112584954821861,0.45487220819581614,0.0,0.0,0.0,0.0,0.0,0.0,0.32809059525067485,0.0,0.0,0.0,0.0,0.0,0.0,0.4858166298238951,0.0,0.0,0.0,0.0,0.0,0.0,0.07002583979328166,0.1917585477224636,0.17847263980757666,0.042697632871817784,0.0,0.0010769230769230767,0.08062349512102396,0.02898425706275609,0.08653488372093023,0.16000000000000003,0.17931034482758623,0.0,0.3,0.0,0.0,0.5,0.0,0.0,0.0,0.0,0.0,0.0,0.0,0.0,0.0,0.0,0.5,0.0,0.0,0.0,0.5,1jJci4qxiYcOHhQR247rEU
0.0,0.0,0.0,0.0,0.0,0.0,0.0,0.0,0.0,0.0,0.0,0.5700718822455993,0.5700718822455993,0.0,0.0,0.0,0.5700718822455993,0.0,0.0,0.0,0.0,0.0,0.0,0.0,0.0,0.0,0.0,0.0,0.15828501893381655,0.0,0.0,0.0,0.0,0.0,0.0,0.0,0.0,0.0,0.0,0.12790697674418608,0.15166499610201584,0.18290906661321574,0.0049129075480125045,0.012319259687680741,0.0,0.011760233177037135,0.12387319387535045,0.07988226744186046,0.18000000000000002,0.1724137931034483,0.3,0.0,0.0,0.5,0.0,0.0,0.5,0.0,0.0,0.0,0.0,0.0,0.0,0.0,0.0,0.0,0.0,0.0,0.0,0.5,7y9iMe8SOB6z3NoHE2OfXl
0.0,0.0,0.0,0.0,0.0,0.0,0.0,0.0,0.0,0.0,0.0,0.0,0.0,0.0,0.0,0.0,0.0,0.0,0.0,0.0,0.0,0.0,0.0,0.0,0.0,0.0,0.0,0.0,0.0,0.0,0.0,0.0,0.0,0.0,0.0,0.0,1.0,0.0,0.0,0.10568475452196383,0.0819467646731262,0.13090131622903722,0.0032157213041536375,0.11820209865322646,0.0,0.02156887593460905,0.008108690963985336,0.09288372093023253,0.10222222222222224,0.0,0.0,0.3,0.0,0.0,0.5,0.0,0.0,0.5,0.0,0.0,0.0,0.0,0.0,0.0,0.0,0.0,0.0,0.0,0.5,0.0,3rJHx4kzPVlNPatZD3lVhK
0.0,0.0,0.0,0.0,0.0,0.0,0.0,0.0,0.0,0.0,0.0,0.0,0.0,0.0,0.0,0.0,0.0,0.0,0.0,0.0,0.0,0.0,0.0,0.0,0.0,0.0,0.0,0.0,0.0,0.0,0.0,0.0,0.0,0.0,0.0,0.0,1.0,0.0,0.0,0.11679586563307494,0.06902773137320416,0.11763212400614687,0.0028584189370254587,0.16075353218210364,0.0,0.016499809910024078,0.038688807418589606,0.09390988372093023,0.10222222222222224,0.06436781609195402,0.0,0.3,0.0,0.0,0.5,0.0,0.0,0.0,0.0,0.0,0.5,0.0,0.0,0.0,0.0,0.0,0.0,0.0,0.0,0.5,3s8Ria9nqj00rXvMXBzbz5
0.0,0.0,0.0,0.0,0.0,0.0,0.0,0.0,0.0,0.0,0.0,0.0,0.0,0.0,0.0,0.0,0.0,0.0,0.0,0.0,0.0,0.0,0.0,0.0,0.0,0.0,0.0,0.0,0.4254382001126497,0.9049874794078143,0.0,0.0,0.0,0.0,0.0,0.0,0.0,0.0,0.0,0.08449612403100777,0.10310725025058472,0.17145720585287635,0.002054488610987049,0.0781293894075849,0.0,0.008668102902040299,0.08440802242829418,0.042864825581395344,0.1466666666666667,0.0,0.0,0.3,0.0,0.0,0.5,0.0,0.0,0.0,0.0,0.5,0.0,0.0,0.0,0.0,0.0,0.0,0.0,0.0,0.0,0.5,2I0LNCqlQpAPJlwOEWaefE
0.0,0.0,0.0,0.0,0.0,0.0,0.0,0.0,0.0,0.0,0.0,0.0,0.0,0.0,0.0,0.0,0.0,0.0,0.0,0.0,0.0,0.0,0.0,0.0,0.0,0.0,0.0,0.0,0.4254382001126497,0.9049874794078143,0.0,0.0,0.0,0.0,0.0,0.0,0.0,0.0,0.0,0.06718346253229975,0.14141886624345698,0.1718848132558295,0.008307280035730238,0.061398000495744856,0.0,0.0656697503484983,0.07297821867586804,0.03723691860465116,0.1466666666666667,0.0,0.0,0.3,0.0,0.5,0.0,0.0,0.0,0.0,0.5,0.0,0.0,0.0,0.0,0.0,0.0,0.0,0.0,0.0,0.0,0.5,410SxKCcT9mo460XFLpbNt
0.0,0.0,0.0,0.0,0.0,0.0,0.0,0.0,0.0,0.0,0.0,0.0,0.0,0.0,0.0,0.0,0.0,0.0,0.0,0.0,0.0,0.0,0.0,0.0,0.0,0.0,0.0,0.0,0.4254382001126497,0.9049874794078143,0.0,0.0,0.0,0.0,0.0,0.0,0.0,0.0,0.0,0.039018087855297166,0.0995433789954338,0.17203180330059467,0.008396605627512285,0.1233661075766339,0.0,0.03855024711696871,0.06974336855725687,0.015460755813953488,0.1466666666666667,0.0,0.0,0.3,0.0,0.0,0.5,0.0,0.0,0.0,0.0,0.5,0.0,0.0,0.0,0.0,0.0,0.0,0.0,0.0,0.0,0.5,1yiNT3F6TUvZ7XV7xWvu8o
0.0,0.0,0.0,0.0,0.0,0.0,0.0,0.0,0.0,0.0,0.0,0.0,0.0,0.0,0.0,0.0,0.0,0.0,0.0,0.0,0.0,0.0,0.0,0.0,0.0,0.0,0.0,0.0,0.4254382001126497,0.9049874794078143,0.0,0.0,0.0,0.0,0.0,0.0,0.0,0.0,0.0,0.11550387596899225,0.07459628020937746,0.13218413843789673,0.008753907994640467,0.13741221184830207,3.4065934065934063e-07,0.017513623114941073,0.032219107181367265,0.10791424418604648,0.1466666666666667,0.0,0.0,0.3,0.0,0.0,0.5,0.0,0.0,0.0,0.0,0.0,0.0,0.0,0.5,0.0,0.0,0.0,0.0,0.0,0.0,0.5,3XE1R53gdbfHjLNa8hJ8hr
0.0,0.0,0.0,0.0,0.0,0.0,0.0,0.0,0.0,0.0,0.0,0.0,0.0,0.0,0.0,0.0,0.0,0.0,0.0,0.0,0.0,0.0,0.0,0.0,0.0,0.0,0.0,0.0,0.4254382001126497,0.9049874794078143,0.0,0.0,0.0,0.0,0.0,0.0,0.0,0.0,0.0,0.12351421188630492,0.15723354493818914,0.1583483664060934,0.023135328271549804,0.06284392299429893,1.6879120879120877e-05,0.029932834875174254,0.1394004744446841,0.0763299418604651,0.1466666666666667,0.0,0.3,0.0,0.0,0.0,0.0,0.5,0.0,0.0,0.0,0.0,0.0,0.5,0.0,0.0,0.0,0.0,0.0,0.0,0.0,0.5,0ZOwwZlgXTvS0ybhhNhsht
0.0,0.0,0.0,0.0,0.0,0.0,0.0,0.0,0.0,0.0,0.0,0.0,0.0,0.0,0.0,0.0,0.0,0.0,0.0,0.0,0.0,0.0,0.0,0.0,0.0,0.0,0.0,0.0,0.4254382001126497,0.9049874794078143,0.0,0.0,0.0,0.0,0.0,0.0,0.0,0.0,0.0,0.12170542635658917,0.16347031963470324,0.15782721988374426,0.08923626619026352,0.006804098157481617,0.0,0.019287796223545813,0.10360146646538711,0.0847863372093023,0.1466666666666667,0.0,0.0,0.3,0.0,0.0,0.5,0.0,0.0,0.0,0.0,0.0,0.0,0.0,0.0,0.0,0.0,0.0,0.0,0.5,0.5,0.0,2xzCH9be8QS7WTuboq1s3n
0.0,0.0,0.0,0.0,0.0,0.0,0.0,0.0,0.0,0.0,0.0,0.0,0.0,0.0,0.0,0.0,0.0,0.0,0.0,0.0,0.0,0.0,0.0,0.0,0.0,0.0,0.0,0.0,0.4254382001126497,0.9049874794078143,0.0,0.0,0.0,0.0,0.0,0.0,0.0,0.0,0.0,0.05374677002583981,0.12738612317630027,0.16794280750985502,0.008575256811076374,0.09713294224572419,0.0,0.0666835635534153,0.07858529221479407,0.16015261627906976,0.1466666666666667,0.0,0.3,0.0,0.0,0.5,0.0,0.0,0.0,0.0,0.0,0.0,0.0,0.0,0.0,0.0,0.0,0.0,0.5,0.0,0.0,0.5,62lzOPP2ZTebFoztZZcm7X
0.0,0.0,0.0,0.0,0.0,0.0,0.0,0.0,0.0,0.0,0.0,0.0,0.0,0.0,0.0,0.0,0.0,0.0,0.0,0.0,0.0,0.0,0.0,0.0,0.0,0.0,0.0,0.0,0.4254382001126497,0.9049874794078143,0.0,0.0,0.0,0.0,0.0,0.0,0.0,0.0,0.0,0.1178294573643411,0.09464305601960131,0.15391193960045435,0.004734256364448412,0.07275882012724118,0.0,0.20000000000000007,0.10317015311623896,0.050106104651162775,0.1466666666666667,0.0,0.0,0.3,0.0,0.0,0.5,0.0,0.0,0.0,0.5,0.0,0.0,0.0,0.0,0.0,0.0,0.0,0.0,0.0,0.0,0.5,04RRoZHeGA7W1XMhECZEIK
0.0,0.0,0.0,0.0,0.0,0.0,0.0,0.0,0.0,0.0,0.0,0.0,0.0,0.0,0.0,0.0,0.0,0.0,0.0,0.0,0.0,0.0,0.0,0.0,0.0,0.0,0.0,0.0,0.4254382001126497,0.9049874794078143,0.0,0.0,0.0,0.0,0.0,0.0,0.0,0.0,0.0,0.05374677002583981,0.12738612317630027,0.16794280750985502,0.008575256811076374,0.09713294224572419,0.0,0.0666835635534153,0.07858529221479407,0.16015261627906976,0.1466666666666667,0.0,0.3,0.0,0.0,0.5,0.0,0.0,0.0,0.0,0.0,0.0,0.0,0.0,0.0,0.0,0.0,0.0,0.5,0.0,0.0,0.5,7zmrZMinkTMJ2kZgM9Kqgp
0.0,0.0,0.0,0.0,0.0,0.0,0.0,0.0,0.0,0.0,0.0,0.0,0.0,0.0,0.0,0.0,0.0,0.0,0.0,0.0,0.0,0.0,0.0,0.0,0.0,0.0,0.0,0.0,0.4254382001126497,0.9049874794078143,0.0,0.0,0.0,0.0,0.0,0.0,0.0,0.0,0.0,0.10542635658914729,0.161020158146787,0.19955902986570456,0.018133095131755254,0.024630256961084028,0.0,0.09025472056773542,0.11826612033642442,0.06004796511627907,0.1466666666666667,0.0,0.0,0.3,0.0,0.0,0.5,0.0,0.0,0.5,0.0,0.0,0.0,0.0,0.0,0.0,0.0,0.0,0.0,0.0,0.5,0.0,0yqaqKP5m4udAmyOH8KS9G
0.0,0.0,0.0,0.0,0.0,0.0,0.0,0.0,0.0,0.0,0.0,0.0,0.0,0.0,0.0,0.0,0.0,0.0,0.0,0.0,0.0,0.0,0.0,0.0,0.0,0.0,0.0,0.0,0.4254382001126497,0.9049874794078143,0.0,0.0,0.0,0.0,0.0,0.0,0.0,0.0,0.0,0.1144702842377261,0.1498830604744404,0.2,0.0100044662795891,0.04611253408245889,0.0,0.012292485109618553,0.10403277981453528,0.09396075581395347,0.1466666666666667,0.0,0.0,0.3,0.0,0.0,0.5,0.0,0.0,0.0,0.0,0.0,0.0,0.0,0.0,0.0,0.5,0.0,0.0,0.0,0.0,0.5,1JsBcVdlKZJmDPJWu4wJPC
0.0,0.0,0.0,0.0,0.0,0.0,0.0,0.0,0.0,0.0,0.0,0.0,0.0,0.0,0.0,0.0,0.0,0.0,0.0,0.0,0.0,0.0,0.0,0.0,0.0,0.0,0.0,0.0,0.4254382001126497,0.9049874794078143,0.0,0.0,0.0,0.0,0.0,0.0,0.0,0.0,0.0,0.08036175710594316,0.1616883840071278,0.17851272800160356,0.023135328271549804,0.013971742543171115,0.00020637362637362634,0.013610442276010649,0.06564589174034939,0.1288764534883721,0.1466666666666667,0.10574712643678162,0.0,0.3,0.0,0.0,0.5,0.0,0.0,0.5,0.0,0.0,0.0,0.0,0.0,0.0,0.0,0.0,0.0,0.0,0.5,0.0,06Xf2PIQSPZ0Eqz8Cd5DB6
0.0,0.0,0.0,0.0,0.0,0.0,0.0,0.0,0.0,0.0,0.0,0.0,0.0,0.0,0.0,0.0,0.0,0.0,0.0,0.0,0.0,0.0,0.0,0.0,0.0,0.0,0.0,0.0,0.4254382001126497,0.9049874794078143,0.0,0.0,0.0,0.0,0.0,0.0,0.0,0.0,0.0,0.14987080103359174,0.0574451497939637,0.09949889757466426,0.00964716391246092,0.18967198215318518,0.0017956043956043955,0.022075782537067545,0.055941341384515855,0.08517441860465115,0.1466666666666667,0.11724137931034483,0.0,0.3,0.0,0.0,0.5,0.0,0.0,0.0,0.0,0.5,0.0,0.0,0.0,0.0,0.0,0.0,0.0,0.0,0.0,0.5,4epozEKOwPtszj2zaKeVIP
0.0,0.0,0.0,0.0,0.0,0.0,0.0,0.0,0.0,0.0,0.0,0.0,0.0,0.0,0.0,0.0,0.0,0.0,0.0,0.0,1.0,0.0,0.0,0.0,0.0,0.0,0.0,0.0,0.0,0.0,0.0,0.0,0.0,0.0,0.0,0.0,0.0,0.0,0.0,0.04521963824289405,0.06212273081634926,0.12292376561769225,0.024743188923626622,0.14113029827315543,1.0263736263736263e-06,0.017260169813711822,0.015182229890015098,0.025979651162790697,0.0,0.0,0.0,0.3,0.0,0.0,0.5,0.0,0.0,0.0,0.0,0.0,0.0,0.5,0.0,0.0,0.0,0.0,0.0,0.0,0.0,0.5,2k5PT7lJxuJ1prVA5R3C5x
0.0,0.0,0.0,0.0,0.0,0.0,0.0,0.0,0.0,0.0,0.0,0.0,0.0,0.0,0.0,0.0,0.0,0.0,0.0,0.0,0.0,0.0,0.0,0.0,0.0,0.0,0.0,0.0,0.4254382001126497,0.9049874794078143,0.0,0.0,0.0,0.0,0.0,0.0,0.0,0.0,0.0,0.07183462532299743,0.12181757434012697,0.18391127146388722,0.008039303260384099,0.013248781293894075,0.0,0.016753263211253328,0.0820357990079793,0.15188953488372092,0.13555555555555557,0.05517241379310345,0.3,0.0,0.0,0.0,0.0,0.5,0.0,0.0,0.0,0.0,0.0,0.5,0.0,0.0,0.0,0.0,0.0,0.0,0.5,0.0,71WZ7yFuwxmQz5jJUpvkGv
0.0,0.0,0.0,0.0,0.0,0.0,0.0,0.0,0.0,0.0,0.0,0.0,0.0,0.0,0.0,0.0,0.0,0.0,0.0,0.951544924564394,0.0,0.0,0.0,0.0,0.0,0.0,0.0,0.0,0.30750976656968415,0.0,0.0,0.0,0.0,0.0,0.0,0.0,0.0,0.0,0.0,0.09198966408268737,0.0973159594609645,0.1472973875860226,0.0031263957123715937,0.11427745187143686,1.545054945054945e-05,0.004308706120897225,0.06607720508949753,0.06777761627906977,0.12888888888888891,0.013793103448275862,0.0,0.3,0.0,0.0,0.5,0.0,0.0,0.0,0.0,0.5,0.0,0.0,0.0,0.0,0.0,0.0,0.0,0.0,0.5,0.0,1cwHRnup3iQoGAzUDwXQsh
0.0,0.0,0.0,0.0,0.0,0.0,0.0,0.0,0.0,0.0,0.0,0.0,0.0,0.0,0.0,0.0,0.0,0.0,0.0,0.951544924564394,0.0,0.0,0.0,0.0,0.0,0.0,0.0,0.0,0.30750976656968415,0.0,0.0,0.0,0.0,0.0,0.0,0.0,0.0,0.0,0.0,0.2,0.06368192449047778,0.147177123003942,0.06485037963376508,0.01944559200198298,0.0,0.003852490178684577,0.10252318309251672,0.0721061046511628,0.12888888888888891,0.0,0.0,0.3,0.0,0.0,0.5,0.0,0.0,0.0,0.0,0.0,0.0,0.0,0.5,0.0,0.0,0.0,0.0,0.0,0.5,0.0,1cBdZdp3VuzMc0gsWSGQvy
0.0,0.0,0.0,0.0,0.0,0.0,0.0,0.0,0.0,0.0,0.0,0.0,0.0,0.0,0.0,0.0,0.0,0.0,0.0,0.951544924564394,0.0,0.0,0.0,0.0,0.0,0.0,0.0,0.0,0.30750976656968415,0.0,0.0,0.0,0.0,0.0,0.0,0.0,0.0,0.0,0.0,0.14573643410852716,0.15611983517095449,0.17760406227032807,0.043858865564984376,0.08639180368503677,0.0,0.03525535420098847,0.10489540651283158,0.05744186046511627,0.12888888888888891,0.0,0.3,0.0,0.0,0.0,0.0,0.5,0.0,0.5,0.0,0.0,0.0,0.0,0.0,0.0,0.0,0.0,0.0,0.0,0.5,0.0,5y3iGBS4FnaAF75VF9It5b
0.0,0.0,0.0,0.0,0.3267099918449629,0.0,0.0,0.0,0.0,0.0,0.0,0.0,0.0,0.0,0.0,0.0,0.0,0.0,0.0,0.0,0.0,0.0,0.0,0.6260387588984236,0.0,0.0,0.6822407760835718,0.0,0.18942960970891398,0.0,0.0,0.0,0.0,0.0,0.0,0.0,0.0,0.0,0.0,0.1317829457364341,0.11313063815569664,0.1308345025723258,0.06145600714604735,0.03433859373708998,0.0,0.06643011025218604,0.08160448565883116,0.0531046511627907,0.16666666666666669,0.1839080459770115,0.0,0.3,0.0,0.0,0.5,0.0,0.0,0.0,0.0,0.0,0.0,0.0,0.5,0.0,0.0,0.0,0.0,0.0,0.0,0.5,3G6hD9B2ZHOsgf4WfNu7X1
0.0,1.0,0.0,0.0,0.0,0.0,0.0,0.0,0.0,0.0,0.0,0.0,0.0,0.0,0.0,0.0,0.0,0.0,0.0,0.0,0.0,0.0,0.0,0.0,0.0,0.0,0.0,0.0,0.0,0.0,0.0,0.0,0.0,0.0,0.0,0.0,0.0,0.0,0.0,0.11602067183462533,0.0574451497939637,0.11950290639406697,0.004376953997320235,0.15848136825580436,5.494505494505494e-06,0.015232543403877835,0.07578175544533106,0.016755813953488363,0.1511111111111111,0.1839080459770115,0.0,0.3,0.0,0.0,0.5,0.0,0.0,0.0,0.0,0.0,0.0,0.0,0.0,0.0,0.0,0.0,0.0,0.5,0.0,0.5,1TQXIltqoZ5XXyfCbAeSQQ
